[
  {
    "model": "auth.user",
    "pk": 3,
    "fields": {
      "password": "!",
      "last_login": null,
      "is_superuser": false,
      "username": "test_admin_local",
      "first_name": "",
      "last_name": "",
      "email": "",
      "is_staff": true,
      "is_active": true,
      "date_joined": "2025-10-09T16:33:56.589Z",
      "groups": [],
      "user_permissions": []
    }
  },
  {
    "model": "auth.user",
    "pk": 4,
    "fields": {
      "password": "!",
      "last_login": "2025-10-09T16:49:48.476Z",
      "is_superuser": true,
      "username": "admin",
      "first_name": "",
      "last_name": "",
      "email": "",
      "is_staff": true,
      "is_active": true,
      "date_joined": "2025-10-09T16:40:52.169Z",
      "groups": [],
      "user_permissions": []
    }
  },
  {
    "model": "auth.user",
    "pk": 5,
    "fields": {
      "password": "!",
      "last_login": null,
      "is_superuser": false,
      "username": "member_1",
      "first_name": "",
      "last_name": "",
      "email": "",
      "is_staff": false,
      "is_active": true,
      "date_joined": "2025-10-09T16:42:26.392Z",
      "groups": [],
      "user_permissions": []
    }
  },
  {
    "model": "auth.user",
    "pk": 6,
    "fields": {
      "password": "!",
      "last_login": null,
      "is_superuser": false,
      "username": "member_2",
      "first_name": "",
      "last_name": "",
      "email": "",
      "is_staff": false,
      "is_active": true,
      "date_joined": "2025-10-09T16:42:27.308Z",
      "groups": [],
      "user_permissions": []
    }
  },
  {
    "model": "auth.user",
    "pk": 7,
    "fields": {
      "password": "!",
      "last_login": null,
      "is_superuser": false,
      "username": "member_3",
      "first_name": "",
      "last_name": "",
      "email": "",
      "is_staff": false,
      "is_active": true,
      "date_joined": "2025-10-09T16:42:28.207Z",
      "groups": [],
      "user_permissions": []
    }
  },
  {
    "model": "auth.user",
    "pk": 8,
    "fields": {
      "password": "!",
      "last_login": null,
      "is_superuser": false,
      "username": "member_4",
      "first_name": "",
      "last_name": "",
      "email": "",
      "is_staff": false,
      "is_active": true,
      "date_joined": "2025-10-09T16:42:29.102Z",
      "groups": [],
      "user_permissions": []
    }
  },
  {
    "model": "auth.user",
    "pk": 9,
    "fields": {
      "password": "!",
      "last_login": null,
      "is_superuser": false,
      "username": "member_5",
      "first_name": "",
      "last_name": "",
      "email": "",
      "is_staff": false,
      "is_active": true,
      "date_joined": "2025-10-09T16:42:30.000Z",
      "groups": [],
      "user_permissions": []
    }
  },
  {
    "model": "auth.user",
    "pk": 10,
    "fields": {
      "password": "pbkdf2_sha256$1000000$8tkTZX8lhwoKUslRDC4X8b$b2fD6kM4XmINpX1meZdFO00N2o6YNP4aF+Fy7Z34TgI=",
      "last_login": "2025-10-09T16:49:37.267Z",
      "is_superuser": false,
      "username": "demo",
      "first_name": "",
      "last_name": "",
      "email": "",
      "is_staff": false,
      "is_active": true,
      "date_joined": "2025-10-09T16:43:05.530Z",
      "groups": [],
      "user_permissions": []
    }
  }
]
